-- phpMyAdmin SQL Dump
-- version 4.9.0.1
-- https://www.phpmyadmin.net/
--
-- Host: localhost:3306
-- Generation Time: Nov 16, 2021 at 02:56 AM
-- Server version: 5.7.24
-- PHP Version: 7.2.19

SET SQL_MODE = "NO_AUTO_VALUE_ON_ZERO";
SET AUTOCOMMIT = 0;
START TRANSACTION;
SET time_zone = "+00:00";


/*!40101 SET @OLD_CHARACTER_SET_CLIENT=@@CHARACTER_SET_CLIENT */;
/*!40101 SET @OLD_CHARACTER_SET_RESULTS=@@CHARACTER_SET_RESULTS */;
/*!40101 SET @OLD_COLLATION_CONNECTION=@@COLLATION_CONNECTION */;
/*!40101 SET NAMES utf8mb4 */;

--
-- Database: `db_lara_banksampah`
--

-- --------------------------------------------------------

--
-- Table structure for table `admins`
--

CREATE TABLE `admins` (
  `id` bigint(20) UNSIGNED NOT NULL,
  `name` varchar(255) COLLATE utf8mb4_unicode_ci NOT NULL,
  `email` varchar(255) COLLATE utf8mb4_unicode_ci NOT NULL,
  `email_verified_at` timestamp NULL DEFAULT NULL,
  `password` varchar(255) COLLATE utf8mb4_unicode_ci NOT NULL,
  `status` tinyint(1) NOT NULL DEFAULT '1',
  `deleted_at` timestamp NULL DEFAULT NULL,
  `remember_token` varchar(100) COLLATE utf8mb4_unicode_ci DEFAULT NULL,
  `created_at` timestamp NULL DEFAULT NULL,
  `updated_at` timestamp NULL DEFAULT NULL
) ENGINE=InnoDB DEFAULT CHARSET=utf8mb4 COLLATE=utf8mb4_unicode_ci;

--
-- Dumping data for table `admins`
--

INSERT INTO `admins` (`id`, `name`, `email`, `email_verified_at`, `password`, `status`, `deleted_at`, `remember_token`, `created_at`, `updated_at`) VALUES
(1, 'Ahmad Safiii', 'ahmadsafi@gmail.com', NULL, '$2y$10$MH5SYcpwjHazhte50efDpOP2PwKAcDy3F5ysNQj1BP2cg8KTFV8mG', 1, NULL, NULL, '2020-10-28 18:39:53', '2021-10-08 21:35:49'),
(2, 'adminsatu', 'adminsatu@gmail.com', NULL, '$2y$10$TV7TeXVZSMOlU5qopVjyeefDS1tKB7fqSpZzPNbt9xrqSepftv0mq', 0, '2021-10-13 19:09:50', NULL, '2021-10-08 21:10:48', '2021-10-13 19:09:50');

-- --------------------------------------------------------

--
-- Table structure for table `customers`
--

CREATE TABLE `customers` (
  `id` bigint(20) UNSIGNED NOT NULL,
  `nik` varchar(255) COLLATE utf8mb4_unicode_ci NOT NULL,
  `name` varchar(255) COLLATE utf8mb4_unicode_ci NOT NULL,
  `username` varchar(255) COLLATE utf8mb4_unicode_ci NOT NULL,
  `password` varchar(255) COLLATE utf8mb4_unicode_ci NOT NULL,
  `address` varchar(255) COLLATE utf8mb4_unicode_ci NOT NULL,
  `phone` varchar(255) COLLATE utf8mb4_unicode_ci DEFAULT NULL,
  `status` tinyint(1) NOT NULL DEFAULT '0',
  `earning` decimal(8,2) DEFAULT NULL,
  `deleted_at` timestamp NULL DEFAULT NULL,
  `created_at` timestamp NULL DEFAULT NULL,
  `updated_at` timestamp NULL DEFAULT NULL
) ENGINE=InnoDB DEFAULT CHARSET=utf8mb4 COLLATE=utf8mb4_unicode_ci;

--
-- Dumping data for table `customers`
--

INSERT INTO `customers` (`id`, `nik`, `name`, `username`, `password`, `address`, `phone`, `status`, `earning`, `deleted_at`, `created_at`, `updated_at`) VALUES
(1, '14139734479739124', 'Tri wahyuni', 'tri wahyuni', '$2y$10$y9nuW7y2SXFyzcj/pwow6eIvFTjnrwqcDV2W3DAhXPVTlFPvHFayq', 'Kedopokan', NULL, 1, '0.00', NULL, '2021-11-14 18:36:56', '2021-11-15 00:11:54'),
(2, '99800021576043910', 'Sapngatun', 'sapngatun', '$2y$10$fA9xwokZOF.IoJ.XWiZ8Du3sBidwz05S4QQ6eVWN4Q2krkf59MaSO', 'kedopokan', NULL, 1, '3645.00', NULL, '2021-11-14 18:40:28', '2021-11-15 00:12:35'),
(3, '92499543902630805', 'Lilik', 'lilik', '$2y$10$2WTMrPoBWFd8qhVVordgHuymwAVPl3fWo9B/cJtZgwcToLQZMBHdS', 'kedopokan', NULL, 1, '3330.00', NULL, '2021-11-14 18:40:40', '2021-11-15 00:14:01'),
(4, '90019290432626937', 'Ropingatun', 'ropingatun', '$2y$10$Yi7hJKkHTFy6xWzL8XwABedFNXWjzh2Twlp0HDNy9qsxQ8vL3gBTi', 'Kedopokan', NULL, 1, '22005.00', NULL, '2021-11-14 18:40:57', '2021-11-15 01:08:25'),
(5, '12086121969127571', 'Hadi', 'hadi', '$2y$10$DTkTciNQ718olHibfiy4w.31DApdibV/uJyKNqsQyFLXiHNE7WLEy', 'Kedopokan', NULL, 1, '25650.00', NULL, '2021-11-14 18:41:12', '2021-11-15 01:09:14'),
(6, '54883507468229308', 'Sri Hartini', 'sri hartini', '$2y$10$kkwFTG2TiqYdrdjEKZpnEeWWqVSyywnKzig69B9QeCd9qMBLxtFJi', 'Kedopokan', NULL, 1, '42156.00', NULL, '2021-11-14 18:41:30', '2021-11-15 01:10:23'),
(7, '99727934427574700', 'Komari', 'komari', '$2y$10$/yJ5kTisTXMTUIDXPTWVZu5ps2qphfqAiHW5o4wwm.dPCIDMnHqva', 'Kedopokan', NULL, 1, '8640.00', NULL, '2021-11-14 18:41:43', '2021-11-15 00:54:09'),
(8, '36212517472095196', 'Listiyani', 'listiyani', '$2y$10$NjV20tauwMdZ9hLjrxPuNeaxqNil7V3a67/LsAfJk/KHM1418GPie', 'Kedopokan', NULL, 1, '32985.00', NULL, '2021-11-14 18:41:58', '2021-11-15 01:11:45'),
(9, '90994961665971168', 'Rozikin', 'rozikin', '$2y$10$GGreiHN6GUz2uQAoRLSZuusWbvc2JWXikHO2iq2y266vL/5iivODO', 'Kedopokan', NULL, 1, '59751.00', NULL, '2021-11-14 18:42:10', '2021-11-15 01:12:51'),
(10, '47129635092520522', 'Khotimah', 'khotimah', '$2y$10$aDUnsdOYZuNPw1UbZWQtY.FCVNzMuKX5iJDs4xnFEpKQGvTEQHq5y', 'Kedopokan', NULL, 1, '6930.00', NULL, '2021-11-14 18:42:22', '2021-11-15 00:59:02'),
(11, '7334481257303448', 'Marminah', 'marminah', '$2y$10$GQAwrtYPruECbR/Dy/rsHe2Mt1PyQrpQDP5AMySembjMRKJF6y0X2', 'Kedopokan', NULL, 1, '4545.00', NULL, '2021-11-14 18:42:37', '2021-11-15 01:13:27'),
(12, '83235189422154886', 'Jazilah', 'jazilah', '$2y$10$MqoHNx6.Kz2xSKC3RSja.ObgIzc6XHUSpdL.pVRO6eh5Wn.mDxoT6', 'Kedopokan', NULL, 1, '3240.00', NULL, '2021-11-14 18:42:50', '2021-11-15 00:20:11'),
(13, '84273045615767737', 'Iin', 'iin', '$2y$10$6sClEFLwRBZEzN0EMiLLbe.UI.AtqIrQcImnErjvVw.A3jNzpi4ue', 'Kedopokan', NULL, 1, '4275.00', NULL, '2021-11-14 18:43:05', '2021-11-15 00:37:31'),
(14, '14543974244017471', 'Wakhidatul', 'wakhidatul', '$2y$10$irjxnKGERx71ApAOnqSZV.jJ3rYcpJMwSpP76CR8EF5CEgLARkBCi', 'Kedopokan', NULL, 1, '3897.00', NULL, '2021-11-14 18:43:21', '2021-11-15 01:00:15'),
(15, '14358720517662751', 'Zaroh', 'zaroh', '$2y$10$EKGYgLQ.6VA.LZGz1how..3YM71VYQdw6UQiujuN556S93mBiaHMy', 'Kedopokan', NULL, 1, '3690.00', NULL, '2021-11-14 18:43:34', '2021-11-15 01:01:50'),
(16, '96096512822165396', 'Nur Sofan', 'nur sofan', '$2y$10$vTwmVTceUcc3jIMkwlV8wuZvYJhVbAMvJLCKNNzr//zc9sRbMp5dG', 'Kedopokan', NULL, 1, '53685.00', NULL, '2021-11-14 18:43:50', '2021-11-15 01:02:46'),
(17, '84859989796512628', 'Harwati', 'harwati', '$2y$10$SznvXbDv6t7F9omLX5ovSe91RLpXnT7aiIviiAq1.8A2dlXgDzh02', 'Kedopokan', NULL, 1, '7281.00', NULL, '2021-11-14 18:44:12', '2021-11-15 01:14:25'),
(18, '38660678217380652', 'Parilah', 'parilah', '$2y$10$zJ5pj9wdsKSpFhxjT9tnhusr24L6sqG4GZEg/3MjCnB7Wt4nTvqwe', 'Kedopokan', NULL, 1, '32382.00', NULL, '2021-11-14 18:44:27', '2021-11-15 01:15:49'),
(19, '82453396658722779', 'Fatonah', 'fatonah', '$2y$10$8MvEUMqppVqM88LKbmitH.oFvschjw0zDpoqdrT01s6JI22JG9GNi', 'Kedopokan', NULL, 1, '3915.00', NULL, '2021-11-14 18:44:40', '2021-11-15 00:39:54'),
(20, '73425976580209069', 'Ropingin', 'ropingin', '$2y$10$Fb9.qCxra5Mua.BqPxsf2ufoWrsdq8/5.LrZ88loEtDXvoMia3hGC', 'Kedopokan', NULL, 1, '6570.00', NULL, '2021-11-14 18:44:54', '2021-11-15 00:25:11'),
(21, '89111225913706356', 'Mangiyah', 'mangiyah', '$2y$10$pGLnKhKopib0b2Y8076HBeQHk81YCaHIZCprD7rXeoKsbsz3Ln/Bq', 'Kedopokan', NULL, 1, '1350.00', NULL, '2021-11-14 18:45:05', '2021-11-15 00:40:18'),
(22, '70967490682110449', 'Sunariyah', 'sunariyah', '$2y$10$YPP6X0bfhXA.v98ZHTNR4uEPEQ8T87lsMJ28Ofhgq241lApfxX.j6', 'Kedopokan', NULL, 1, '3690.00', NULL, '2021-11-14 18:45:26', '2021-11-15 01:16:18'),
(23, '9195773461652828', 'Jenes', 'jenes', '$2y$10$XdTsJ9e.yuAkZn8ti.2ZqONpWtCS3Cpx.b3hsE1ht8/0kjoler8rO', 'Kedopokan', NULL, 1, '1098.00', NULL, '2021-11-14 18:45:38', '2021-11-15 00:41:38'),
(24, '89132965557273830', 'Tasmiyati', 'tasmiyati', '$2y$10$nHMkIs0EN7cKlEW2fwxDf.AgqQN7PSoEjPFcebf1rZCb/HJS5hBte', 'Kedopokan', NULL, 1, '18090.00', NULL, '2021-11-14 18:45:51', '2021-11-15 01:17:21'),
(25, '51533357255105409', 'Samsiyah', 'samsiyah', '$2y$10$jNmTHJ55dwd89B/bwciXG.gGNb7IYfwtA5.86A1w4WjYS/1rSP5QC', 'Kedopokan', NULL, 1, '14175.00', NULL, '2021-11-14 18:46:05', '2021-11-15 01:18:16'),
(26, '3262732572583198', 'Sumiyati', 'sumiyati', '$2y$10$V0rxqYyd432Ir6fvx.4IG.7c.CVQzDiPAl2jThxl9yQvmkpW811nu', 'Kedopokan', NULL, 1, '2403.00', NULL, '2021-11-14 18:46:17', '2021-11-15 01:19:13'),
(27, '2797293425419664', 'Sumiyah', 'sumiyah', '$2y$10$u46c751GRFPkhNvEDs9X5ueNJ3xW6l44PVMPKpBTRnhvpfCdU5qmK', 'Kedopokan', NULL, 1, '4500.00', NULL, '2021-11-14 18:46:31', '2021-11-15 00:45:50'),
(28, '23861143805779989', 'Sutarsih', 'sutarsih', '$2y$10$3tJaK37lSZ7HPiUYccItY.YEibc0w8aolioiILnkwf5aRjQv68nz6', 'Kedopokan', NULL, 1, '2340.00', NULL, '2021-11-14 18:46:44', '2021-11-15 00:46:20'),
(29, '28687962810261849', 'Andang Setyorini', 'andang', '$2y$10$.9cpsBTia5dlgqny5x8t7.W0BsXQWhlwYpYCgyN.oc99zdXdEn2Ba', 'Kedopokan', NULL, 1, '4590.00', NULL, '2021-11-14 18:47:03', '2021-11-15 00:47:12'),
(30, '31530221938833759', 'Pariyati', 'pariyati', '$2y$10$g0lTPvIztfWdqcJzHmv8ZOFPbFUI4R98Q5H52BqDEC0qA0PHHUGOS', 'Kedopokan', NULL, 1, '3960.00', NULL, '2021-11-14 18:47:17', '2021-11-15 01:05:23'),
(31, '32605148229976690', 'Reni', 'reni', '$2y$10$KX/XRoQHYa4MbivbTvc6b.mbnR8CPaqUufX4LvVi55H29u16WgkrS', 'Kedopokan', NULL, 1, '4050.00', NULL, '2021-11-14 18:47:32', '2021-11-15 00:26:32'),
(32, '98320993550760864', 'Lilik Andayani', 'lilik andayani', '$2y$10$8MGnpXjjgor9a.uG1xpnuOYGKPH6l837GAa1H5Ql4fMJVXFLclWqm', 'Kedopokan', NULL, 1, '6336.00', NULL, '2021-11-14 18:47:55', '2021-11-15 01:20:26'),
(33, '47840815791549419', 'Sekah', 'sekah', '$2y$10$Vp0Rioz1kQKK4xUX.u6gse1WTMfbkU0QhlF7Z9F7XiMZYEpb01jzW', 'Kedopokan', NULL, 1, '1035.00', NULL, '2021-11-14 18:48:20', '2021-11-15 00:48:37'),
(34, '5422936478126923', 'Waliyati', 'waliyati', '$2y$10$XiHhxIFfdIRLfbF.sikeEuYMw/qxFn4HYTwO7QtxtyXYsUa23CHmC', 'Kedopokan', NULL, 1, '7605.00', NULL, '2021-11-14 18:48:42', '2021-11-15 01:29:25'),
(35, '74008759127258532', 'Nurul', 'nurul', '$2y$10$YPcbyHOYfNnlaYDlB4xBc.oGRrQSUn8RIYla4886aASpny8hJBu2a', 'Kedopokan', NULL, 1, '9819.00', NULL, '2021-11-14 18:48:53', '2021-11-15 01:33:14'),
(36, '42745337600182559', 'Raminem', 'raminem', '$2y$10$/1pOJBo5T12TO/El7G44OezjJ1ZXMJFyA98WMC2QBCeKANHJr0S0i', 'Kedopokan', NULL, 1, '15534.00', NULL, '2021-11-14 18:49:08', '2021-11-15 01:32:32'),
(37, '97126993167209742', 'Sriyatun', 'sriyatun', '$2y$10$N0rqCZrNi4ZlJYvGqMbHmOTUFVSf34/IZeyB7/7nPGMC.xv7OuxpW', 'Kedopokan', NULL, 1, '2376.00', NULL, '2021-11-14 18:49:21', '2021-11-15 00:32:12'),
(38, '58147158688891285', 'Tohiron', 'tohiron', '$2y$10$aNkjViWZ1Rq10tKMkPp7auLokLW5GC2v1I/DVGDtDiyXwSdWD9Tya', 'Kedopokan', NULL, 1, '5607.00', NULL, '2021-11-14 18:49:33', '2021-11-15 00:33:45'),
(39, '69407441524443351', 'Musitun', 'musitun', '$2y$10$P/Cf4TvjnU.Tnbf8HmVko.a/uIbtH66Z.99NNPBZ55BgNgxsW22iS', 'Kedopokan', NULL, 1, '1260.00', NULL, '2021-11-14 18:49:47', '2021-11-15 01:24:31'),
(40, '38935924663834363', 'Saromi', 'saromi', '$2y$10$Bi0leFzUMxZcwwHOwU5lWurTvPWU90jEZPSPLDoKfPGP83aJxPFVC', 'Kedopokan', NULL, 1, '4590.00', NULL, '2021-11-14 18:49:59', '2021-11-15 01:27:09'),
(41, '5505660932660157', 'Napsiyah', 'napsiyah', '$2y$10$kQdw/0GuBA6r8DZm.dNwCuLoOIwGlrRL8PtdsoVg9LeD.c3YgcZPy', 'Kedopokan', NULL, 1, '1620.00', NULL, '2021-11-14 18:50:11', '2021-11-15 01:28:39'),
(42, '92558720127617429', 'Istin', 'istin', '$2y$10$HlARrCiH0uM0d2023h4TY.bP5IiyNGdwyyvFWtFdRjKJ6VI5FFDSe', 'Kedopokan', NULL, 1, '1152.00', NULL, '2021-11-14 18:50:22', '2021-11-15 01:35:47'),
(43, '80658358551229544', 'Mutoharoh', 'mutoharon', '$2y$10$fY1vGo3cZp0IjamH/dpGTu8rSnpsjt4F29pJ2HIpZ.OXEAXwGRIo.', 'Kedopokan', NULL, 1, '14049.00', NULL, '2021-11-14 18:50:36', '2021-11-15 01:37:05'),
(44, '36496145792520263', 'Koliyati', 'koliyati', '$2y$10$Q7lDn8vQ4kEhe9IbzEtBXuuSbahYX/zoL0oxnlAWXL1yXZFsfmB1K', 'Kedopokan', NULL, 1, NULL, NULL, '2021-11-14 18:50:50', '2021-11-14 18:50:50'),
(45, '2581407973771850', 'Ulil', 'ulil', '$2y$10$JcZdZRywcnKuoxaSZL2nFer6sfd/BI0cuDYIRWeXN5tIXXOsw/iZW', 'Kedopokan', NULL, 1, NULL, NULL, '2021-11-14 18:51:01', '2021-11-14 18:51:01'),
(46, '64034900117715007', 'Nur Khasanah', 'nur khasanah', '$2y$10$CmmY462qlTKN7n7R8DWTPuAWNosit7SnUAZXfxun16xDiPUzK3kT2', 'Kedopokan', NULL, 1, NULL, NULL, '2021-11-14 18:51:16', '2021-11-14 18:51:16'),
(47, '9696617275775936', 'Mustakorin', 'mustakorin', '$2y$10$otfeS689JOMNsOL5Ha4BPeCt8cuDdT7qlxciwdRJZbp7Q5uNUlr8C', 'Kedopokan', NULL, 1, NULL, NULL, '2021-11-14 18:51:42', '2021-11-14 18:51:42');

-- --------------------------------------------------------

--
-- Table structure for table `detail_transactions`
--

CREATE TABLE `detail_transactions` (
  `id` bigint(20) UNSIGNED NOT NULL,
  `transaction_id` bigint(20) UNSIGNED NOT NULL,
  `trashprice_id` bigint(20) UNSIGNED NOT NULL,
  `trashtype_id` bigint(20) UNSIGNED NOT NULL,
  `qty` double(8,2) NOT NULL,
  `price` decimal(8,2) NOT NULL,
  `admin_fee` decimal(8,2) NOT NULL,
  `subtotal` decimal(8,2) DEFAULT NULL,
  `status` int(11) NOT NULL DEFAULT '0',
  `deleted_at` timestamp NULL DEFAULT NULL,
  `created_at` timestamp NULL DEFAULT NULL,
  `updated_at` timestamp NULL DEFAULT NULL
) ENGINE=InnoDB DEFAULT CHARSET=utf8mb4 COLLATE=utf8mb4_unicode_ci;

--
-- Dumping data for table `detail_transactions`
--

INSERT INTO `detail_transactions` (`id`, `transaction_id`, `trashprice_id`, `trashtype_id`, `qty`, `price`, `admin_fee`, `subtotal`, `status`, `deleted_at`, `created_at`, `updated_at`) VALUES
(2, 2, 10, 3, 4.50, '900.00', '405.00', '3645.00', 1, NULL, '2021-11-15 00:12:35', '2021-11-15 00:12:35'),
(3, 3, 10, 3, 3.00, '900.00', '270.00', '2430.00', 1, NULL, '2021-11-15 00:13:15', '2021-11-15 00:13:15'),
(4, 3, 16, 4, 2.00, '100.00', '20.00', '180.00', 1, NULL, '2021-11-15 00:14:01', '2021-11-15 00:14:01'),
(5, 3, 17, 4, 2.00, '400.00', '80.00', '720.00', 1, NULL, '2021-11-15 00:14:01', '2021-11-15 00:14:01'),
(6, 4, 10, 3, 15.50, '900.00', '1395.00', '12555.00', 1, NULL, '2021-11-15 00:14:56', '2021-11-15 00:14:56'),
(7, 4, 17, 4, 4.00, '400.00', '160.00', '1440.00', 1, NULL, '2021-11-15 00:14:56', '2021-11-15 00:14:56'),
(8, 5, 10, 3, 5.00, '900.00', '450.00', '4050.00', 1, NULL, '2021-11-15 00:15:30', '2021-11-15 00:15:30'),
(9, 6, 10, 3, 5.50, '900.00', '495.00', '4455.00', 1, NULL, '2021-11-15 00:16:11', '2021-11-15 00:16:11'),
(10, 6, 16, 4, 2.00, '100.00', '20.00', '180.00', 1, NULL, '2021-11-15 00:16:11', '2021-11-15 00:16:11'),
(11, 6, 17, 4, 3.00, '400.00', '120.00', '1080.00', 1, NULL, '2021-11-15 00:16:12', '2021-11-15 00:16:12'),
(12, 7, 10, 3, 8.00, '900.00', '720.00', '6480.00', 1, NULL, '2021-11-15 00:17:03', '2021-11-15 00:17:03'),
(13, 7, 16, 4, 5.00, '100.00', '50.00', '450.00', 1, NULL, '2021-11-15 00:17:03', '2021-11-15 00:17:03'),
(14, 8, 10, 3, 3.50, '900.00', '315.00', '2835.00', 1, NULL, '2021-11-15 00:17:47', '2021-11-15 00:17:47'),
(15, 8, 16, 4, 1.00, '100.00', '10.00', '90.00', 1, NULL, '2021-11-15 00:17:47', '2021-11-15 00:17:47'),
(16, 8, 17, 4, 6.00, '400.00', '240.00', '2160.00', 1, NULL, '2021-11-15 00:17:47', '2021-11-15 00:17:47'),
(17, 9, 10, 3, 1.50, '900.00', '135.00', '1215.00', 1, NULL, '2021-11-15 00:18:32', '2021-11-15 00:18:32'),
(18, 9, 16, 4, 2.00, '100.00', '20.00', '180.00', 1, NULL, '2021-11-15 00:18:32', '2021-11-15 00:18:32'),
(19, 9, 17, 4, 6.00, '400.00', '240.00', '2160.00', 1, NULL, '2021-11-15 00:18:32', '2021-11-15 00:18:32'),
(20, 10, 10, 3, 2.00, '900.00', '180.00', '1620.00', 1, NULL, '2021-11-15 00:19:09', '2021-11-15 00:19:09'),
(21, 10, 16, 4, 5.00, '100.00', '50.00', '450.00', 1, NULL, '2021-11-15 00:19:09', '2021-11-15 00:19:09'),
(22, 11, 10, 3, 0.50, '900.00', '45.00', '405.00', 1, NULL, '2021-11-15 00:19:36', '2021-11-15 00:19:36'),
(23, 12, 10, 3, 3.00, '900.00', '270.00', '2430.00', 1, NULL, '2021-11-15 00:20:11', '2021-11-15 00:20:11'),
(24, 12, 16, 4, 1.00, '100.00', '10.00', '90.00', 1, NULL, '2021-11-15 00:20:11', '2021-11-15 00:20:11'),
(25, 12, 17, 4, 2.00, '400.00', '80.00', '720.00', 1, NULL, '2021-11-15 00:20:11', '2021-11-15 00:20:11'),
(26, 13, 10, 3, 1.50, '900.00', '135.00', '1215.00', 1, NULL, '2021-11-15 00:20:43', '2021-11-15 00:20:43'),
(27, 13, 17, 4, 2.00, '400.00', '80.00', '720.00', 1, NULL, '2021-11-15 00:20:43', '2021-11-15 00:20:43'),
(28, 14, 10, 3, 0.70, '900.00', '63.00', '567.00', 1, NULL, '2021-11-15 00:21:29', '2021-11-15 00:21:29'),
(29, 14, 16, 4, 2.00, '100.00', '20.00', '180.00', 1, NULL, '2021-11-15 00:21:29', '2021-11-15 00:21:29'),
(30, 14, 17, 4, 5.00, '400.00', '200.00', '1800.00', 1, NULL, '2021-11-15 00:21:29', '2021-11-15 00:21:29'),
(31, 15, 10, 3, 1.00, '900.00', '90.00', '810.00', 1, NULL, '2021-11-15 00:22:14', '2021-11-15 00:22:14'),
(32, 15, 16, 4, 2.00, '100.00', '20.00', '180.00', 1, NULL, '2021-11-15 00:22:14', '2021-11-15 00:22:14'),
(33, 15, 17, 4, 5.00, '400.00', '200.00', '1800.00', 1, NULL, '2021-11-15 00:22:14', '2021-11-15 00:22:14'),
(34, 16, 10, 3, 8.50, '900.00', '765.00', '6885.00', 1, NULL, '2021-11-15 00:22:40', '2021-11-15 00:22:40'),
(35, 17, 10, 3, 2.50, '900.00', '225.00', '2025.00', 1, NULL, '2021-11-15 00:23:10', '2021-11-15 00:23:10'),
(36, 18, 10, 3, 9.00, '900.00', '810.00', '7290.00', 1, NULL, '2021-11-15 00:23:59', '2021-11-15 00:23:59'),
(37, 18, 36, 6, 2.00, '500.00', '100.00', '900.00', 1, NULL, '2021-11-15 00:23:59', '2021-11-15 00:23:59'),
(38, 19, 10, 3, 3.00, '900.00', '270.00', '2430.00', 1, NULL, '2021-11-15 00:24:34', '2021-11-15 00:24:34'),
(39, 20, 10, 3, 4.00, '900.00', '360.00', '3240.00', 1, NULL, '2021-11-15 00:25:11', '2021-11-15 00:25:11'),
(40, 20, 16, 4, 5.00, '100.00', '50.00', '450.00', 1, NULL, '2021-11-15 00:25:11', '2021-11-15 00:25:11'),
(41, 20, 17, 4, 8.00, '400.00', '320.00', '2880.00', 1, NULL, '2021-11-15 00:25:11', '2021-11-15 00:25:11'),
(42, 21, 10, 3, 3.00, '900.00', '270.00', '2430.00', 1, NULL, '2021-11-15 00:25:48', '2021-11-15 00:25:48'),
(43, 22, 10, 3, 2.50, '900.00', '225.00', '2025.00', 1, NULL, '2021-11-15 00:26:11', '2021-11-15 00:26:11'),
(44, 23, 10, 3, 5.00, '900.00', '450.00', '4050.00', 1, NULL, '2021-11-15 00:26:32', '2021-11-15 00:26:32'),
(45, 24, 10, 3, 1.80, '900.00', '162.00', '1458.00', 1, NULL, '2021-11-15 00:28:15', '2021-11-15 00:28:15'),
(46, 24, 20, 5, 2.70, '1000.00', '270.00', '2430.00', 1, NULL, '2021-11-15 00:28:15', '2021-11-15 00:28:15'),
(47, 25, 10, 3, 2.40, '900.00', '216.00', '1944.00', 1, NULL, '2021-11-15 00:29:58', '2021-11-15 00:29:58'),
(48, 25, 20, 5, 1.00, '1000.00', '100.00', '900.00', 1, NULL, '2021-11-15 00:29:58', '2021-11-15 00:29:58'),
(49, 25, 36, 6, 2.00, '500.00', '100.00', '900.00', 1, NULL, '2021-11-15 00:29:58', '2021-11-15 00:29:58'),
(50, 25, 7, 2, 1.00, '500.00', '50.00', '450.00', 1, NULL, '2021-11-15 00:29:58', '2021-11-15 00:29:58'),
(51, 25, 16, 4, 4.00, '100.00', '40.00', '360.00', 1, NULL, '2021-11-15 00:29:59', '2021-11-15 00:29:59'),
(52, 25, 17, 4, 1.00, '400.00', '40.00', '360.00', 1, NULL, '2021-11-15 00:29:59', '2021-11-15 00:29:59'),
(53, 26, 20, 5, 1.30, '1000.00', '130.00', '1170.00', 1, NULL, '2021-11-15 00:30:41', '2021-11-15 00:30:41'),
(54, 27, 20, 5, 1.40, '1000.00', '140.00', '1260.00', 1, NULL, '2021-11-15 00:32:12', '2021-11-15 00:32:12'),
(55, 27, 36, 6, 1.00, '500.00', '50.00', '450.00', 1, NULL, '2021-11-15 00:32:12', '2021-11-15 00:32:12'),
(56, 27, 6, 2, 0.60, '900.00', '54.00', '486.00', 1, NULL, '2021-11-15 00:32:12', '2021-11-15 00:32:12'),
(57, 27, 16, 4, 2.00, '100.00', '20.00', '180.00', 1, NULL, '2021-11-15 00:32:12', '2021-11-15 00:32:12'),
(58, 28, 10, 3, 3.00, '900.00', '270.00', '2430.00', 1, NULL, '2021-11-15 00:33:45', '2021-11-15 00:33:45'),
(59, 28, 20, 5, 1.30, '1000.00', '130.00', '1170.00', 1, NULL, '2021-11-15 00:33:45', '2021-11-15 00:33:45'),
(60, 28, 36, 6, 0.50, '500.00', '25.00', '225.00', 1, NULL, '2021-11-15 00:33:45', '2021-11-15 00:33:45'),
(61, 28, 6, 2, 2.20, '900.00', '198.00', '1782.00', 1, NULL, '2021-11-15 00:33:45', '2021-11-15 00:33:45'),
(62, 29, 10, 3, 2.30, '900.00', '207.00', '1863.00', 1, NULL, '2021-11-15 00:34:52', '2021-11-15 00:34:52'),
(63, 29, 20, 5, 1.00, '1000.00', '100.00', '900.00', 1, NULL, '2021-11-15 00:34:52', '2021-11-15 00:34:52'),
(64, 29, 6, 2, 3.80, '900.00', '342.00', '3078.00', 1, NULL, '2021-11-15 00:34:52', '2021-11-15 00:34:52'),
(65, 30, 10, 3, 4.00, '900.00', '360.00', '3240.00', 1, NULL, '2021-11-15 00:35:49', '2021-11-15 00:35:49'),
(66, 30, 20, 5, 1.00, '1000.00', '100.00', '900.00', 1, NULL, '2021-11-15 00:35:49', '2021-11-15 00:35:49'),
(67, 30, 36, 6, 1.50, '500.00', '75.00', '675.00', 1, NULL, '2021-11-15 00:35:49', '2021-11-15 00:35:49'),
(68, 30, 6, 2, 3.00, '900.00', '270.00', '2430.00', 1, NULL, '2021-11-15 00:35:49', '2021-11-15 00:35:49'),
(69, 31, 20, 5, 1.50, '1000.00', '150.00', '1350.00', 1, NULL, '2021-11-15 00:36:22', '2021-11-15 00:36:22'),
(70, 31, 6, 2, 0.50, '900.00', '45.00', '405.00', 1, NULL, '2021-11-15 00:36:22', '2021-11-15 00:36:22'),
(71, 32, 20, 5, 1.00, '1000.00', '100.00', '900.00', 1, NULL, '2021-11-15 00:37:31', '2021-11-15 00:37:31'),
(72, 32, 36, 6, 0.20, '500.00', '10.00', '90.00', 1, NULL, '2021-11-15 00:37:31', '2021-11-15 00:37:31'),
(73, 32, 6, 2, 1.00, '900.00', '90.00', '810.00', 1, NULL, '2021-11-15 00:37:31', '2021-11-15 00:37:31'),
(74, 32, 16, 4, 6.00, '100.00', '60.00', '540.00', 1, NULL, '2021-11-15 00:37:31', '2021-11-15 00:37:31'),
(75, 33, 10, 3, 29.00, '900.00', '2610.00', '23490.00', 1, NULL, '2021-11-15 00:38:13', '2021-11-15 00:38:13'),
(76, 33, 20, 5, 1.50, '1000.00', '150.00', '1350.00', 1, NULL, '2021-11-15 00:38:13', '2021-11-15 00:38:13'),
(77, 34, 10, 3, 1.00, '900.00', '90.00', '810.00', 1, NULL, '2021-11-15 00:38:42', '2021-11-15 00:38:42'),
(78, 34, 36, 6, 2.00, '500.00', '100.00', '900.00', 1, NULL, '2021-11-15 00:38:42', '2021-11-15 00:38:42'),
(79, 35, 10, 3, 17.00, '900.00', '1530.00', '13770.00', 1, NULL, '2021-11-15 00:39:09', '2021-11-15 00:39:09'),
(80, 35, 16, 4, 1.00, '100.00', '10.00', '90.00', 1, NULL, '2021-11-15 00:39:09', '2021-11-15 00:39:09'),
(81, 36, 20, 5, 0.90, '1000.00', '90.00', '810.00', 1, NULL, '2021-11-15 00:39:54', '2021-11-15 00:39:54'),
(82, 36, 36, 6, 1.00, '500.00', '50.00', '450.00', 1, NULL, '2021-11-15 00:39:54', '2021-11-15 00:39:54'),
(83, 36, 7, 2, 0.50, '500.00', '25.00', '225.00', 1, NULL, '2021-11-15 00:39:54', '2021-11-15 00:39:54'),
(84, 37, 20, 5, 1.50, '1000.00', '150.00', '1350.00', 1, NULL, '2021-11-15 00:40:18', '2021-11-15 00:40:18'),
(85, 38, 20, 5, 0.50, '1000.00', '50.00', '450.00', 1, NULL, '2021-11-15 00:40:56', '2021-11-15 00:40:56'),
(86, 38, 16, 4, 11.00, '100.00', '110.00', '990.00', 1, NULL, '2021-11-15 00:40:56', '2021-11-15 00:40:56'),
(87, 39, 10, 3, 0.80, '900.00', '72.00', '648.00', 1, NULL, '2021-11-15 00:41:38', '2021-11-15 00:41:38'),
(88, 39, 20, 5, 0.50, '1000.00', '50.00', '450.00', 1, NULL, '2021-11-15 00:41:38', '2021-11-15 00:41:38'),
(89, 40, 10, 3, 1.00, '900.00', '90.00', '810.00', 1, NULL, '2021-11-15 00:43:16', '2021-11-15 00:43:16'),
(90, 40, 20, 5, 1.00, '1000.00', '100.00', '900.00', 1, NULL, '2021-11-15 00:43:16', '2021-11-15 00:43:16'),
(91, 40, 16, 4, 3.00, '100.00', '30.00', '270.00', 1, NULL, '2021-11-15 00:43:16', '2021-11-15 00:43:16'),
(92, 41, 10, 3, 1.00, '900.00', '90.00', '810.00', 1, NULL, '2021-11-15 00:44:13', '2021-11-15 00:44:13'),
(93, 41, 20, 5, 3.00, '1000.00', '300.00', '2700.00', 1, NULL, '2021-11-15 00:44:13', '2021-11-15 00:44:13'),
(94, 41, 36, 6, 5.00, '500.00', '250.00', '2250.00', 1, NULL, '2021-11-15 00:44:13', '2021-11-15 00:44:13'),
(95, 41, 6, 2, 3.00, '900.00', '270.00', '2430.00', 1, NULL, '2021-11-15 00:44:13', '2021-11-15 00:44:13'),
(96, 41, 16, 4, 3.00, '100.00', '30.00', '270.00', 1, NULL, '2021-11-15 00:44:13', '2021-11-15 00:44:13'),
(97, 42, 10, 3, 0.30, '900.00', '27.00', '243.00', 1, NULL, '2021-11-15 00:44:53', '2021-11-15 00:44:53'),
(98, 42, 16, 4, 2.00, '100.00', '20.00', '180.00', 1, NULL, '2021-11-15 00:44:53', '2021-11-15 00:44:53'),
(99, 43, 10, 3, 2.00, '900.00', '180.00', '1620.00', 1, NULL, '2021-11-15 00:45:50', '2021-11-15 00:45:50'),
(100, 43, 20, 5, 1.00, '1000.00', '100.00', '900.00', 1, NULL, '2021-11-15 00:45:50', '2021-11-15 00:45:50'),
(101, 43, 36, 6, 2.00, '500.00', '100.00', '900.00', 1, NULL, '2021-11-15 00:45:50', '2021-11-15 00:45:50'),
(102, 43, 6, 2, 1.00, '900.00', '90.00', '810.00', 1, NULL, '2021-11-15 00:45:50', '2021-11-15 00:45:50'),
(103, 43, 16, 4, 3.00, '100.00', '30.00', '270.00', 1, NULL, '2021-11-15 00:45:50', '2021-11-15 00:45:50'),
(104, 44, 20, 5, 2.00, '1000.00', '200.00', '1800.00', 1, NULL, '2021-11-15 00:46:20', '2021-11-15 00:46:20'),
(105, 44, 16, 4, 6.00, '100.00', '60.00', '540.00', 1, NULL, '2021-11-15 00:46:20', '2021-11-15 00:46:20'),
(106, 45, 20, 5, 0.50, '1000.00', '50.00', '450.00', 1, NULL, '2021-11-15 00:47:12', '2021-11-15 00:47:12'),
(107, 45, 6, 2, 2.00, '900.00', '180.00', '1620.00', 1, NULL, '2021-11-15 00:47:12', '2021-11-15 00:47:12'),
(108, 45, 7, 2, 0.20, '500.00', '10.00', '90.00', 1, NULL, '2021-11-15 00:47:12', '2021-11-15 00:47:12'),
(109, 46, 20, 5, 1.50, '1000.00', '150.00', '1350.00', 1, NULL, '2021-11-15 00:47:56', '2021-11-15 00:47:56'),
(110, 46, 36, 6, 1.50, '500.00', '75.00', '675.00', 1, NULL, '2021-11-15 00:47:56', '2021-11-15 00:47:56'),
(111, 46, 16, 4, 4.00, '100.00', '40.00', '360.00', 1, NULL, '2021-11-15 00:47:56', '2021-11-15 00:47:56'),
(112, 47, 20, 5, 1.00, '1000.00', '100.00', '900.00', 1, NULL, '2021-11-15 00:48:37', '2021-11-15 00:48:37'),
(113, 47, 36, 6, 0.30, '500.00', '15.00', '135.00', 1, NULL, '2021-11-15 00:48:37', '2021-11-15 00:48:37'),
(114, 48, 10, 3, 8.50, '900.00', '765.00', '6885.00', 1, NULL, '2021-11-15 00:52:37', '2021-11-15 00:52:37'),
(115, 48, 20, 5, 2.50, '1000.00', '250.00', '2250.00', 1, NULL, '2021-11-15 00:52:37', '2021-11-15 00:52:37'),
(116, 48, 7, 2, 0.50, '500.00', '25.00', '225.00', 1, NULL, '2021-11-15 00:52:37', '2021-11-15 00:52:37'),
(117, 49, 10, 3, 11.00, '900.00', '990.00', '8910.00', 1, NULL, '2021-11-15 00:53:33', '2021-11-15 00:53:33'),
(118, 49, 20, 5, 2.00, '1000.00', '200.00', '1800.00', 1, NULL, '2021-11-15 00:53:33', '2021-11-15 00:53:33'),
(119, 49, 36, 6, 0.80, '500.00', '40.00', '360.00', 1, NULL, '2021-11-15 00:53:33', '2021-11-15 00:53:33'),
(120, 49, 16, 4, 1.00, '100.00', '10.00', '90.00', 1, NULL, '2021-11-15 00:53:33', '2021-11-15 00:53:33'),
(121, 50, 10, 3, 1.00, '900.00', '90.00', '810.00', 1, NULL, '2021-11-15 00:54:08', '2021-11-15 00:54:08'),
(122, 50, 20, 5, 1.00, '1000.00', '100.00', '900.00', 1, NULL, '2021-11-15 00:54:09', '2021-11-15 00:54:09'),
(123, 51, 10, 3, 6.50, '900.00', '585.00', '5265.00', 1, NULL, '2021-11-15 00:55:57', '2021-11-15 00:55:57'),
(124, 51, 20, 5, 3.00, '1000.00', '300.00', '2700.00', 1, NULL, '2021-11-15 00:55:57', '2021-11-15 00:55:57'),
(125, 51, 5, 2, 1.50, '1700.00', '255.00', '2295.00', 1, NULL, '2021-11-15 00:55:57', '2021-11-15 00:55:57'),
(126, 51, 6, 2, 6.00, '900.00', '540.00', '4860.00', 1, NULL, '2021-11-15 00:55:57', '2021-11-15 00:55:57'),
(127, 51, 7, 2, 2.00, '500.00', '100.00', '900.00', 1, NULL, '2021-11-15 00:55:57', '2021-11-15 00:55:57'),
(128, 51, 17, 4, 1.00, '400.00', '40.00', '360.00', 1, NULL, '2021-11-15 00:55:57', '2021-11-15 00:55:57'),
(129, 52, 10, 3, 12.00, '900.00', '1080.00', '9720.00', 1, NULL, '2021-11-15 00:58:01', '2021-11-15 00:58:01'),
(130, 52, 20, 5, 5.00, '1000.00', '500.00', '4500.00', 1, NULL, '2021-11-15 00:58:01', '2021-11-15 00:58:01'),
(131, 52, 36, 6, 5.00, '500.00', '250.00', '2250.00', 1, NULL, '2021-11-15 00:58:01', '2021-11-15 00:58:01'),
(132, 52, 6, 2, 1.00, '900.00', '90.00', '810.00', 1, NULL, '2021-11-15 00:58:01', '2021-11-15 00:58:01'),
(133, 52, 5, 2, 0.70, '1700.00', '119.00', '1071.00', 1, NULL, '2021-11-15 00:58:01', '2021-11-15 00:58:01'),
(134, 52, 16, 4, 1.00, '100.00', '10.00', '90.00', 1, NULL, '2021-11-15 00:58:01', '2021-11-15 00:58:01'),
(135, 53, 20, 5, 4.50, '1000.00', '450.00', '4050.00', 1, NULL, '2021-11-15 00:59:01', '2021-11-15 00:59:01'),
(136, 53, 6, 2, 1.00, '900.00', '90.00', '810.00', 1, NULL, '2021-11-15 00:59:01', '2021-11-15 00:59:01'),
(137, 54, 20, 5, 1.30, '1000.00', '130.00', '1170.00', 1, NULL, '2021-11-15 00:59:28', '2021-11-15 00:59:28'),
(138, 55, 20, 5, 1.00, '1000.00', '100.00', '900.00', 1, NULL, '2021-11-15 01:00:15', '2021-11-15 01:00:15'),
(139, 55, 7, 2, 0.80, '500.00', '40.00', '360.00', 1, NULL, '2021-11-15 01:00:15', '2021-11-15 01:00:15'),
(140, 55, 16, 4, 1.00, '100.00', '10.00', '90.00', 1, NULL, '2021-11-15 01:00:15', '2021-11-15 01:00:15'),
(144, 57, 20, 5, 1.00, '1000.00', '100.00', '900.00', 1, NULL, '2021-11-15 01:01:50', '2021-11-15 01:01:50'),
(145, 58, 10, 3, 26.00, '900.00', '2340.00', '21060.00', 1, NULL, '2021-11-15 01:02:45', '2021-11-15 01:02:45'),
(146, 58, 20, 5, 1.00, '1000.00', '100.00', '900.00', 1, NULL, '2021-11-15 01:02:46', '2021-11-15 01:02:46'),
(147, 59, 6, 2, 1.20, '900.00', '108.00', '972.00', 1, NULL, '2021-11-15 01:03:14', '2021-11-15 01:03:14'),
(148, 60, 10, 3, 7.00, '900.00', '630.00', '5670.00', 1, NULL, '2021-11-15 01:04:39', '2021-11-15 01:04:39'),
(149, 60, 20, 5, 1.00, '1000.00', '100.00', '900.00', 1, NULL, '2021-11-15 01:04:39', '2021-11-15 01:04:39'),
(150, 60, 36, 6, 0.10, '500.00', '5.00', '45.00', 1, NULL, '2021-11-15 01:04:39', '2021-11-15 01:04:39'),
(151, 60, 7, 2, 1.00, '500.00', '50.00', '450.00', 1, NULL, '2021-11-15 01:04:39', '2021-11-15 01:04:39'),
(152, 61, 20, 5, 2.00, '1000.00', '200.00', '1800.00', 1, NULL, '2021-11-15 01:05:23', '2021-11-15 01:05:23'),
(153, 61, 36, 6, 0.30, '500.00', '15.00', '135.00', 1, NULL, '2021-11-15 01:05:23', '2021-11-15 01:05:23'),
(154, 62, 10, 3, 3.00, '900.00', '270.00', '2430.00', 1, NULL, '2021-11-15 01:08:24', '2021-11-15 01:08:24'),
(155, 62, 20, 5, 5.60, '1000.00', '560.00', '5040.00', 1, NULL, '2021-11-15 01:08:24', '2021-11-15 01:08:24'),
(156, 62, 36, 6, 0.20, '500.00', '10.00', '90.00', 1, NULL, '2021-11-15 01:08:24', '2021-11-15 01:08:24'),
(157, 62, 7, 2, 1.00, '500.00', '50.00', '450.00', 1, NULL, '2021-11-15 01:08:24', '2021-11-15 01:08:24'),
(158, 63, 10, 3, 14.00, '900.00', '1260.00', '11340.00', 1, NULL, '2021-11-15 01:09:14', '2021-11-15 01:09:14'),
(159, 63, 36, 6, 2.00, '500.00', '100.00', '900.00', 1, NULL, '2021-11-15 01:09:14', '2021-11-15 01:09:14'),
(160, 64, 10, 3, 8.00, '900.00', '720.00', '6480.00', 1, NULL, '2021-11-15 01:10:23', '2021-11-15 01:10:23'),
(161, 64, 20, 5, 6.30, '1000.00', '630.00', '5670.00', 1, NULL, '2021-11-15 01:10:23', '2021-11-15 01:10:23'),
(162, 64, 6, 2, 9.00, '900.00', '810.00', '7290.00', 1, NULL, '2021-11-15 01:10:23', '2021-11-15 01:10:23'),
(163, 65, 20, 5, 5.40, '1000.00', '540.00', '4860.00', 1, NULL, '2021-11-15 01:11:45', '2021-11-15 01:11:45'),
(164, 65, 36, 6, 0.80, '500.00', '40.00', '360.00', 1, NULL, '2021-11-15 01:11:45', '2021-11-15 01:11:45'),
(165, 65, 5, 2, 2.00, '1700.00', '340.00', '3060.00', 1, NULL, '2021-11-15 01:11:45', '2021-11-15 01:11:45'),
(166, 65, 6, 2, 4.00, '900.00', '360.00', '3240.00', 1, NULL, '2021-11-15 01:11:45', '2021-11-15 01:11:45'),
(167, 66, 10, 3, 35.00, '900.00', '3150.00', '28350.00', 1, NULL, '2021-11-15 01:12:51', '2021-11-15 01:12:51'),
(168, 66, 6, 2, 2.50, '900.00', '225.00', '2025.00', 1, NULL, '2021-11-15 01:12:51', '2021-11-15 01:12:51'),
(169, 66, 7, 2, 0.30, '500.00', '15.00', '135.00', 1, NULL, '2021-11-15 01:12:51', '2021-11-15 01:12:51'),
(170, 67, 10, 3, 1.50, '900.00', '135.00', '1215.00', 1, NULL, '2021-11-15 01:13:27', '2021-11-15 01:13:27'),
(171, 68, 10, 3, 2.60, '900.00', '234.00', '2106.00', 1, NULL, '2021-11-15 01:14:25', '2021-11-15 01:14:25'),
(172, 68, 20, 5, 1.60, '1000.00', '160.00', '1440.00', 1, NULL, '2021-11-15 01:14:25', '2021-11-15 01:14:25'),
(173, 69, 10, 3, 3.00, '900.00', '270.00', '2430.00', 1, NULL, '2021-11-15 01:15:49', '2021-11-15 01:15:49'),
(174, 69, 20, 5, 1.40, '1000.00', '140.00', '1260.00', 1, NULL, '2021-11-15 01:15:49', '2021-11-15 01:15:49'),
(175, 69, 6, 2, 7.00, '900.00', '630.00', '5670.00', 1, NULL, '2021-11-15 01:15:49', '2021-11-15 01:15:49'),
(176, 70, 20, 5, 2.50, '1000.00', '250.00', '2250.00', 1, NULL, '2021-11-15 01:16:18', '2021-11-15 01:16:18'),
(177, 71, 10, 3, 1.50, '900.00', '135.00', '1215.00', 1, NULL, '2021-11-15 01:17:21', '2021-11-15 01:17:21'),
(178, 71, 20, 5, 7.30, '1000.00', '730.00', '6570.00', 1, NULL, '2021-11-15 01:17:21', '2021-11-15 01:17:21'),
(179, 71, 7, 2, 2.80, '500.00', '140.00', '1260.00', 1, NULL, '2021-11-15 01:17:21', '2021-11-15 01:17:21'),
(180, 72, 10, 3, 2.50, '900.00', '225.00', '2025.00', 1, NULL, '2021-11-15 01:18:16', '2021-11-15 01:18:16'),
(181, 72, 20, 5, 4.10, '1000.00', '410.00', '3690.00', 1, NULL, '2021-11-15 01:18:16', '2021-11-15 01:18:16'),
(182, 73, 10, 3, 2.00, '900.00', '180.00', '1620.00', 1, NULL, '2021-11-15 01:19:13', '2021-11-15 01:19:13'),
(183, 73, 36, 6, 0.80, '500.00', '40.00', '360.00', 1, NULL, '2021-11-15 01:19:13', '2021-11-15 01:19:13'),
(184, 74, 20, 5, 1.30, '1000.00', '130.00', '1170.00', 1, NULL, '2021-11-15 01:20:25', '2021-11-15 01:20:25'),
(185, 74, 7, 2, 0.20, '500.00', '10.00', '90.00', 1, NULL, '2021-11-15 01:20:25', '2021-11-15 01:20:25'),
(186, 74, 5, 2, 1.70, '1700.00', '289.00', '2601.00', 1, NULL, '2021-11-15 01:20:25', '2021-11-15 01:20:25'),
(187, 74, 16, 4, 1.00, '100.00', '10.00', '90.00', 1, NULL, '2021-11-15 01:20:25', '2021-11-15 01:20:25'),
(188, 75, 10, 3, 1.00, '900.00', '90.00', '810.00', 1, NULL, '2021-11-15 01:21:28', '2021-11-15 01:21:28'),
(189, 75, 20, 5, 1.30, '1000.00', '130.00', '1170.00', 1, NULL, '2021-11-15 01:21:28', '2021-11-15 01:21:28'),
(190, 75, 36, 6, 0.80, '500.00', '40.00', '360.00', 1, NULL, '2021-11-15 01:21:28', '2021-11-15 01:21:28'),
(191, 76, 11, 3, 0.30, '1500.00', '45.00', '405.00', 1, NULL, '2021-11-15 01:23:28', '2021-11-15 01:23:28'),
(192, 76, 20, 5, 2.50, '1000.00', '250.00', '2250.00', 1, NULL, '2021-11-15 01:23:28', '2021-11-15 01:23:28'),
(193, 76, 36, 6, 1.00, '500.00', '50.00', '450.00', 1, NULL, '2021-11-15 01:23:28', '2021-11-15 01:23:28'),
(194, 76, 5, 2, 2.80, '1700.00', '476.00', '4284.00', 1, NULL, '2021-11-15 01:23:28', '2021-11-15 01:23:28'),
(195, 76, 7, 2, 2.30, '500.00', '115.00', '1035.00', 1, NULL, '2021-11-15 01:23:28', '2021-11-15 01:23:28'),
(196, 76, 16, 4, 5.00, '100.00', '50.00', '450.00', 1, NULL, '2021-11-15 01:23:28', '2021-11-15 01:23:28'),
(197, 76, 17, 4, 1.00, '400.00', '40.00', '360.00', 1, NULL, '2021-11-15 01:23:28', '2021-11-15 01:23:28'),
(198, 77, 20, 5, 0.50, '1000.00', '50.00', '450.00', 1, NULL, '2021-11-15 01:24:31', '2021-11-15 01:24:31'),
(199, 77, 16, 4, 5.00, '100.00', '50.00', '450.00', 1, NULL, '2021-11-15 01:24:31', '2021-11-15 01:24:31'),
(200, 77, 17, 4, 1.00, '400.00', '40.00', '360.00', 1, NULL, '2021-11-15 01:24:31', '2021-11-15 01:24:31'),
(201, 78, 10, 3, 0.50, '900.00', '45.00', '405.00', 1, NULL, '2021-11-15 01:27:09', '2021-11-15 01:27:09'),
(202, 78, 20, 5, 2.50, '1000.00', '250.00', '2250.00', 1, NULL, '2021-11-15 01:27:09', '2021-11-15 01:27:09'),
(203, 78, 7, 2, 2.30, '500.00', '115.00', '1035.00', 1, NULL, '2021-11-15 01:27:09', '2021-11-15 01:27:09'),
(204, 78, 16, 4, 2.00, '100.00', '20.00', '180.00', 1, NULL, '2021-11-15 01:27:09', '2021-11-15 01:27:09'),
(205, 78, 17, 4, 2.00, '400.00', '80.00', '720.00', 1, NULL, '2021-11-15 01:27:09', '2021-11-15 01:27:09'),
(206, 79, 20, 5, 1.70, '1000.00', '170.00', '1530.00', 1, NULL, '2021-11-15 01:28:39', '2021-11-15 01:28:39'),
(207, 79, 36, 6, 0.20, '500.00', '10.00', '90.00', 1, NULL, '2021-11-15 01:28:39', '2021-11-15 01:28:39'),
(208, 80, 10, 3, 1.70, '900.00', '153.00', '1377.00', 1, NULL, '2021-11-15 01:29:25', '2021-11-15 01:29:25'),
(209, 81, 10, 3, 4.00, '900.00', '360.00', '3240.00', 1, NULL, '2021-11-15 01:31:25', '2021-11-15 01:31:25'),
(210, 81, 20, 5, 1.60, '1000.00', '160.00', '1440.00', 1, NULL, '2021-11-15 01:31:25', '2021-11-15 01:31:25'),
(211, 81, 36, 6, 0.30, '500.00', '15.00', '135.00', 1, NULL, '2021-11-15 01:31:25', '2021-11-15 01:31:25'),
(212, 81, 6, 2, 1.70, '900.00', '153.00', '1377.00', 0, '2021-11-15 01:32:55', '2021-11-15 01:31:25', '2021-11-15 01:32:55'),
(213, 82, 20, 5, 4.20, '1000.00', '420.00', '3780.00', 1, NULL, '2021-11-15 01:32:32', '2021-11-15 01:32:32'),
(214, 82, 36, 6, 0.30, '500.00', '15.00', '135.00', 1, NULL, '2021-11-15 01:32:32', '2021-11-15 01:32:32'),
(215, 82, 6, 2, 1.50, '900.00', '135.00', '1215.00', 1, NULL, '2021-11-15 01:32:32', '2021-11-15 01:32:32'),
(216, 81, 7, 2, 0.20, '500.00', '10.00', '90.00', 1, NULL, '2021-11-15 01:33:14', '2021-11-15 01:33:14'),
(217, 83, 20, 5, 0.60, '1000.00', '60.00', '540.00', 1, NULL, '2021-11-15 01:35:47', '2021-11-15 01:35:47'),
(218, 83, 5, 2, 0.40, '1700.00', '68.00', '612.00', 1, NULL, '2021-11-15 01:35:47', '2021-11-15 01:35:47'),
(219, 84, 10, 3, 14.00, '900.00', '1260.00', '11340.00', 1, NULL, '2021-11-15 01:37:04', '2021-11-15 01:37:04'),
(220, 84, 20, 5, 1.20, '1000.00', '120.00', '1080.00', 1, NULL, '2021-11-15 01:37:04', '2021-11-15 01:37:04'),
(221, 84, 36, 6, 0.70, '500.00', '35.00', '315.00', 1, NULL, '2021-11-15 01:37:05', '2021-11-15 01:37:05'),
(222, 84, 5, 2, 0.80, '1700.00', '136.00', '1224.00', 1, NULL, '2021-11-15 01:37:05', '2021-11-15 01:37:05'),
(223, 84, 16, 4, 1.00, '100.00', '10.00', '90.00', 1, NULL, '2021-11-15 01:37:05', '2021-11-15 01:37:05');

-- --------------------------------------------------------

--
-- Table structure for table `directors`
--

CREATE TABLE `directors` (
  `id` bigint(20) UNSIGNED NOT NULL,
  `name` varchar(255) COLLATE utf8mb4_unicode_ci NOT NULL,
  `email` varchar(255) COLLATE utf8mb4_unicode_ci NOT NULL,
  `email_verified_at` timestamp NULL DEFAULT NULL,
  `password` varchar(255) COLLATE utf8mb4_unicode_ci NOT NULL,
  `status` tinyint(1) NOT NULL DEFAULT '1',
  `deleted_at` timestamp NULL DEFAULT NULL,
  `remember_token` varchar(100) COLLATE utf8mb4_unicode_ci DEFAULT NULL,
  `created_at` timestamp NULL DEFAULT NULL,
  `updated_at` timestamp NULL DEFAULT NULL
) ENGINE=InnoDB DEFAULT CHARSET=utf8mb4 COLLATE=utf8mb4_unicode_ci;

--
-- Dumping data for table `directors`
--

INSERT INTO `directors` (`id`, `name`, `email`, `email_verified_at`, `password`, `status`, `deleted_at`, `remember_token`, `created_at`, `updated_at`) VALUES
(1, 'Direktur1', 'Direktur1@gmail.com', NULL, '$2y$10$FZbFWUDWn7M03WZ49HyGNOlzAzLQPXcxGjIF0oijEt8Od22tP3AtK', 1, NULL, NULL, '2020-10-28 18:39:54', '2021-10-08 23:43:19'),
(2, 'direktur2', 'direktur2@gmail.com', NULL, '$2y$10$rJIU9r/mt2r6xDaav86tI.3jnnDbYCnBJ9Pox2GR/5lfVXc/9Wmhe', 1, '2020-10-28 18:56:43', NULL, '2020-10-28 18:56:36', '2020-10-28 18:56:43'),
(3, 'ahmad', 'ahmad@gmail.com', NULL, '$2y$10$yaQitgfMS7F3aX/.D8JhseAfwRVC.tfPE.oOthAzs/y7Vk6tFIUzK', 1, NULL, NULL, '2021-10-08 23:40:06', '2021-10-08 23:40:06');

-- --------------------------------------------------------

--
-- Table structure for table `earnings`
--

CREATE TABLE `earnings` (
  `id` bigint(20) UNSIGNED NOT NULL,
  `customer_id` bigint(20) UNSIGNED NOT NULL,
  `admin_id` bigint(20) UNSIGNED NOT NULL,
  `amount` decimal(8,2) DEFAULT NULL,
  `status` int(11) NOT NULL DEFAULT '0',
  `deleted_at` timestamp NULL DEFAULT NULL,
  `created_at` timestamp NULL DEFAULT NULL,
  `updated_at` timestamp NULL DEFAULT NULL
) ENGINE=InnoDB DEFAULT CHARSET=utf8mb4 COLLATE=utf8mb4_unicode_ci;

-- --------------------------------------------------------

--
-- Table structure for table `failed_jobs`
--

CREATE TABLE `failed_jobs` (
  `id` bigint(20) UNSIGNED NOT NULL,
  `connection` text COLLATE utf8mb4_unicode_ci NOT NULL,
  `queue` text COLLATE utf8mb4_unicode_ci NOT NULL,
  `payload` longtext COLLATE utf8mb4_unicode_ci NOT NULL,
  `exception` longtext COLLATE utf8mb4_unicode_ci NOT NULL,
  `failed_at` timestamp NOT NULL DEFAULT CURRENT_TIMESTAMP
) ENGINE=InnoDB DEFAULT CHARSET=utf8mb4 COLLATE=utf8mb4_unicode_ci;

-- --------------------------------------------------------

--
-- Table structure for table `migrations`
--

CREATE TABLE `migrations` (
  `id` int(10) UNSIGNED NOT NULL,
  `migration` varchar(255) COLLATE utf8mb4_unicode_ci NOT NULL,
  `batch` int(11) NOT NULL
) ENGINE=InnoDB DEFAULT CHARSET=utf8mb4 COLLATE=utf8mb4_unicode_ci;

--
-- Dumping data for table `migrations`
--

INSERT INTO `migrations` (`id`, `migration`, `batch`) VALUES
(1, '2014_10_12_000000_create_users_table', 1),
(2, '2014_10_12_000001_create_admins_table', 1),
(3, '2014_10_12_000003_create_directors_table', 1),
(4, '2014_10_12_100000_create_password_resets_table', 1),
(5, '2019_08_19_000000_create_failed_jobs_table', 1),
(6, '2020_07_28_044022_create_customers_table', 1),
(7, '2020_07_28_044152_create_trash_types_table', 1),
(8, '2020_07_28_044210_create_trash_prices_table', 1),
(9, '2020_07_28_044337_create_transactions_table', 1),
(10, '2020_07_28_044405_create_detail_transactions_table', 1),
(11, '2020_10_26_162411_create_earnings_table', 1);

-- --------------------------------------------------------

--
-- Table structure for table `password_resets`
--

CREATE TABLE `password_resets` (
  `email` varchar(255) COLLATE utf8mb4_unicode_ci NOT NULL,
  `token` varchar(255) COLLATE utf8mb4_unicode_ci NOT NULL,
  `created_at` timestamp NULL DEFAULT NULL
) ENGINE=InnoDB DEFAULT CHARSET=utf8mb4 COLLATE=utf8mb4_unicode_ci;

-- --------------------------------------------------------

--
-- Table structure for table `transactions`
--

CREATE TABLE `transactions` (
  `id` bigint(20) UNSIGNED NOT NULL,
  `code` varchar(255) COLLATE utf8mb4_unicode_ci NOT NULL,
  `customer_id` bigint(20) UNSIGNED NOT NULL,
  `admin_id` bigint(20) UNSIGNED NOT NULL,
  `admin_fee` decimal(8,2) DEFAULT NULL,
  `subtotal` decimal(8,2) DEFAULT NULL,
  `status` int(11) NOT NULL DEFAULT '0',
  `deleted_at` timestamp NULL DEFAULT NULL,
  `created_at` timestamp NULL DEFAULT NULL,
  `updated_at` timestamp NULL DEFAULT NULL
) ENGINE=InnoDB DEFAULT CHARSET=utf8mb4 COLLATE=utf8mb4_unicode_ci;

--
-- Dumping data for table `transactions`
--

INSERT INTO `transactions` (`id`, `code`, `customer_id`, `admin_id`, `admin_fee`, `subtotal`, `status`, `deleted_at`, `created_at`, `updated_at`) VALUES
(2, 'T_20211115_071202', 2, 1, '405.00', '3645.00', 1, NULL, '2021-11-15 00:12:14', '2021-11-15 00:12:35'),
(3, 'T_20211115_071236', 3, 1, '370.00', '3330.00', 1, NULL, '2021-11-15 00:12:49', '2021-11-15 00:14:01'),
(4, 'T_20211115_071402', 4, 1, '1555.00', '13995.00', 1, NULL, '2021-11-15 00:14:15', '2021-11-15 00:14:56'),
(5, 'T_20211115_071457', 5, 1, '450.00', '4050.00', 1, NULL, '2021-11-15 00:15:09', '2021-11-15 00:15:30'),
(6, 'T_20211115_071530', 6, 1, '635.00', '5715.00', 1, NULL, '2021-11-15 00:15:39', '2021-11-15 00:16:12'),
(7, 'T_20211115_071612', 7, 1, '770.00', '6930.00', 1, NULL, '2021-11-15 00:16:29', '2021-11-15 00:17:03'),
(8, 'T_20211115_071703', 8, 1, '565.00', '5085.00', 1, NULL, '2021-11-15 00:17:15', '2021-11-15 00:17:47'),
(9, 'T_20211115_071747', 9, 1, '395.00', '3555.00', 1, NULL, '2021-11-15 00:17:57', '2021-11-15 00:18:32'),
(10, 'T_20211115_071833', 10, 1, '230.00', '2070.00', 1, NULL, '2021-11-15 00:18:44', '2021-11-15 00:19:09'),
(11, 'T_20211115_071909', 11, 1, '45.00', '405.00', 1, NULL, '2021-11-15 00:19:18', '2021-11-15 00:19:36'),
(12, 'T_20211115_071937', 12, 1, '360.00', '3240.00', 1, NULL, '2021-11-15 00:19:44', '2021-11-15 00:20:11'),
(13, 'T_20211115_072012', 13, 1, '215.00', '1935.00', 1, NULL, '2021-11-15 00:20:18', '2021-11-15 00:20:43'),
(14, 'T_20211115_072044', 14, 1, '283.00', '2547.00', 1, NULL, '2021-11-15 00:20:53', '2021-11-15 00:21:29'),
(15, 'T_20211115_072130', 15, 1, '310.00', '2790.00', 1, NULL, '2021-11-15 00:21:46', '2021-11-15 00:22:14'),
(16, 'T_20211115_072214', 16, 1, '765.00', '6885.00', 1, NULL, '2021-11-15 00:22:21', '2021-11-15 00:22:40'),
(17, 'T_20211115_072240', 17, 1, '225.00', '2025.00', 1, NULL, '2021-11-15 00:22:52', '2021-11-15 00:23:10'),
(18, 'T_20211115_072311', 18, 1, '910.00', '8190.00', 1, NULL, '2021-11-15 00:23:18', '2021-11-15 00:23:59'),
(19, 'T_20211115_072359', 19, 1, '270.00', '2430.00', 1, NULL, '2021-11-15 00:24:18', '2021-11-15 00:24:34'),
(20, 'T_20211115_072434', 20, 1, '730.00', '6570.00', 1, NULL, '2021-11-15 00:24:44', '2021-11-15 00:25:11'),
(21, 'T_20211115_072512', 29, 1, '270.00', '2430.00', 1, NULL, '2021-11-15 00:25:33', '2021-11-15 00:25:48'),
(22, 'T_20211115_072549', 30, 1, '225.00', '2025.00', 1, NULL, '2021-11-15 00:25:58', '2021-11-15 00:26:11'),
(23, 'T_20211115_072612', 31, 1, '450.00', '4050.00', 1, NULL, '2021-11-15 00:26:20', '2021-11-15 00:26:32'),
(24, 'T_20211115_072632', 34, 1, '432.00', '3888.00', 1, NULL, '2021-11-15 00:27:23', '2021-11-15 00:28:15'),
(25, 'T_20211115_072815', 35, 1, '546.00', '4914.00', 1, NULL, '2021-11-15 00:28:34', '2021-11-15 00:29:59'),
(26, 'T_20211115_072959', 36, 1, '130.00', '1170.00', 1, NULL, '2021-11-15 00:30:17', '2021-11-15 00:30:41'),
(27, 'T_20211115_073042', 37, 1, '264.00', '2376.00', 1, NULL, '2021-11-15 00:31:03', '2021-11-15 00:32:12'),
(28, 'T_20211115_073212', 38, 1, '623.00', '5607.00', 1, NULL, '2021-11-15 00:32:33', '2021-11-15 00:33:45'),
(29, 'T_20211115_073345', 6, 1, '649.00', '5841.00', 1, NULL, '2021-11-15 00:34:11', '2021-11-15 00:34:52'),
(30, 'T_20211115_073452', 9, 1, '805.00', '7245.00', 1, NULL, '2021-11-15 00:35:02', '2021-11-15 00:35:49'),
(31, 'T_20211115_073550', 11, 1, '195.00', '1755.00', 1, NULL, '2021-11-15 00:36:00', '2021-11-15 00:36:22'),
(32, 'T_20211115_073623', 13, 1, '260.00', '2340.00', 1, NULL, '2021-11-15 00:36:30', '2021-11-15 00:37:31'),
(33, 'T_20211115_073731', 16, 1, '2760.00', '24840.00', 1, NULL, '2021-11-15 00:37:39', '2021-11-15 00:38:13'),
(34, 'T_20211115_073813', 17, 1, '190.00', '1710.00', 1, NULL, '2021-11-15 00:38:22', '2021-11-15 00:38:43'),
(35, 'T_20211115_073843', 18, 1, '1540.00', '13860.00', 1, NULL, '2021-11-15 00:38:50', '2021-11-15 00:39:09'),
(36, 'T_20211115_073910', 19, 1, '165.00', '1485.00', 1, NULL, '2021-11-15 00:39:16', '2021-11-15 00:39:54'),
(37, 'T_20211115_073954', 21, 1, '150.00', '1350.00', 1, NULL, '2021-11-15 00:40:05', '2021-11-15 00:40:18'),
(38, 'T_20211115_074019', 22, 1, '160.00', '1440.00', 1, NULL, '2021-11-15 00:40:36', '2021-11-15 00:40:56'),
(39, 'T_20211115_074056', 23, 1, '122.00', '1098.00', 1, NULL, '2021-11-15 00:41:11', '2021-11-15 00:41:38'),
(40, 'T_20211115_074139', 24, 1, '220.00', '1980.00', 1, NULL, '2021-11-15 00:41:47', '2021-11-15 00:43:16'),
(41, 'T_20211115_074317', 25, 1, '940.00', '8460.00', 1, NULL, '2021-11-15 00:43:32', '2021-11-15 00:44:13'),
(42, 'T_20211115_074414', 26, 1, '47.00', '423.00', 1, NULL, '2021-11-15 00:44:26', '2021-11-15 00:44:53'),
(43, 'T_20211115_074454', 27, 1, '500.00', '4500.00', 1, NULL, '2021-11-15 00:45:05', '2021-11-15 00:45:50'),
(44, 'T_20211115_074550', 28, 1, '260.00', '2340.00', 1, NULL, '2021-11-15 00:46:01', '2021-11-15 00:46:20'),
(45, 'T_20211115_074621', 29, 1, '240.00', '2160.00', 1, NULL, '2021-11-15 00:46:29', '2021-11-15 00:47:12'),
(46, 'T_20211115_074713', 32, 1, '265.00', '2385.00', 1, NULL, '2021-11-15 00:47:23', '2021-11-15 00:47:56'),
(47, 'T_20211115_074756', 33, 1, '115.00', '1035.00', 1, NULL, '2021-11-15 00:48:10', '2021-11-15 00:48:37'),
(48, 'T_20211115_074858', 5, 1, '1040.00', '9360.00', 1, NULL, '2021-11-15 00:51:01', '2021-11-15 00:52:37'),
(49, 'T_20211115_075237', 6, 1, '1240.00', '11160.00', 1, NULL, '2021-11-15 00:52:49', '2021-11-15 00:53:33'),
(50, 'T_20211115_075334', 7, 1, '190.00', '1710.00', 1, NULL, '2021-11-15 00:53:45', '2021-11-15 00:54:09'),
(51, 'T_20211115_075409', 8, 1, '1820.00', '16380.00', 1, NULL, '2021-11-15 00:54:22', '2021-11-15 00:55:57'),
(52, 'T_20211115_075558', 9, 1, '2049.00', '18441.00', 1, NULL, '2021-11-15 00:56:21', '2021-11-15 00:58:01'),
(53, 'T_20211115_075801', 10, 1, '540.00', '4860.00', 1, NULL, '2021-11-15 00:58:12', '2021-11-15 00:59:02'),
(54, 'T_20211115_075902', 11, 1, '130.00', '1170.00', 1, NULL, '2021-11-15 00:59:12', '2021-11-15 00:59:28'),
(55, 'T_20211115_075928', 14, 1, '150.00', '1350.00', 1, NULL, '2021-11-15 00:59:35', '2021-11-15 01:00:15'),
(57, 'T_20211115_080127', 15, 1, '100.00', '900.00', 1, NULL, '2021-11-15 01:01:34', '2021-11-15 01:01:50'),
(58, 'T_20211115_080151', 16, 1, '2440.00', '21960.00', 1, NULL, '2021-11-15 01:02:03', '2021-11-15 01:02:46'),
(59, 'T_20211115_080246', 18, 1, '108.00', '972.00', 1, NULL, '2021-11-15 01:02:57', '2021-11-15 01:03:14'),
(60, 'T_20211115_080314', 24, 1, '785.00', '7065.00', 1, NULL, '2021-11-15 01:03:32', '2021-11-15 01:04:39'),
(61, 'T_20211115_080439', 30, 1, '215.00', '1935.00', 1, NULL, '2021-11-15 01:04:48', '2021-11-15 01:05:23'),
(62, 'T_20211115_080706', 4, 1, '890.00', '8010.00', 1, NULL, '2021-11-15 01:07:21', '2021-11-15 01:08:25'),
(63, 'T_20211115_080825', 5, 1, '1360.00', '12240.00', 1, NULL, '2021-11-15 01:08:36', '2021-11-15 01:09:14'),
(64, 'T_20211115_080915', 6, 1, '2160.00', '19440.00', 1, NULL, '2021-11-15 01:09:35', '2021-11-15 01:10:23'),
(65, 'T_20211115_081024', 8, 1, '1280.00', '11520.00', 1, NULL, '2021-11-15 01:10:44', '2021-11-15 01:11:45'),
(66, 'T_20211115_081146', 9, 1, '3390.00', '30510.00', 1, NULL, '2021-11-14 17:00:00', '2021-11-15 01:12:51'),
(67, 'T_20211115_081251', 11, 1, '135.00', '1215.00', 1, NULL, '2021-11-15 01:13:05', '2021-11-15 01:13:27'),
(68, 'T_20211115_081328', 17, 1, '394.00', '3546.00', 1, NULL, '2021-11-15 01:13:49', '2021-11-15 01:14:25'),
(69, 'T_20211115_081426', 18, 1, '1040.00', '9360.00', 1, NULL, '2021-11-15 01:14:36', '2021-11-15 01:15:49'),
(70, 'T_20211115_081550', 22, 1, '250.00', '2250.00', 1, NULL, '2021-11-15 01:16:00', '2021-11-15 01:16:18'),
(71, 'T_20211115_081618', 24, 1, '1005.00', '9045.00', 1, NULL, '2021-11-15 01:16:28', '2021-11-15 01:17:21'),
(72, 'T_20211115_081721', 25, 1, '635.00', '5715.00', 1, NULL, '2021-11-15 01:17:37', '2021-11-15 01:18:16'),
(73, 'T_20211115_081817', 26, 1, '220.00', '1980.00', 1, NULL, '2021-11-15 01:18:44', '2021-11-15 01:19:13'),
(74, 'T_20211115_081913', 32, 1, '439.00', '3951.00', 1, NULL, '2021-11-15 01:19:21', '2021-11-15 01:20:26'),
(75, 'T_20211115_082026', 34, 1, '260.00', '2340.00', 1, NULL, '2021-11-15 01:20:46', '2021-11-15 01:21:28'),
(76, 'T_20211115_082129', 36, 1, '1026.00', '9234.00', 1, NULL, '2021-11-15 01:21:40', '2021-11-15 01:23:28'),
(77, 'T_20211115_082329', 39, 1, '140.00', '1260.00', 1, NULL, '2021-11-15 01:23:58', '2021-11-15 01:24:31'),
(78, 'T_20211115_082431', 40, 1, '510.00', '4590.00', 1, NULL, '2021-11-15 01:25:04', '2021-11-15 01:27:09'),
(79, 'T_20211115_082709', 41, 1, '180.00', '1620.00', 1, NULL, '2021-11-15 01:27:25', '2021-11-15 01:28:39'),
(80, 'T_20211115_082840', 34, 1, '153.00', '1377.00', 1, NULL, '2021-11-15 01:29:04', '2021-11-15 01:29:25'),
(81, 'T_20211115_082925', 35, 1, '545.00', '4905.00', 1, NULL, '2021-11-15 01:29:58', '2021-11-15 01:33:14'),
(82, 'T_20211115_083125', 36, 1, '570.00', '5130.00', 1, NULL, '2021-11-15 01:31:32', '2021-11-15 01:32:32'),
(83, 'T_20211115_083454', 42, 1, '128.00', '1152.00', 1, NULL, '2021-11-15 01:35:01', '2021-11-15 01:35:47'),
(84, 'T_20211115_083547', 43, 1, '1561.00', '14049.00', 1, NULL, '2021-11-15 01:35:57', '2021-11-15 01:37:05'),
(85, 'T_20211115_084541', 29, 1, NULL, NULL, 0, NULL, '2021-10-15 01:46:19', '2021-11-15 01:46:19'),
(86, 'T_20211115_084750', 29, 1, NULL, NULL, 0, NULL, '2021-11-15 01:47:58', '2021-11-15 01:47:58');

-- --------------------------------------------------------

--
-- Table structure for table `trash_prices`
--

CREATE TABLE `trash_prices` (
  `id` bigint(20) UNSIGNED NOT NULL,
  `name` varchar(255) COLLATE utf8mb4_unicode_ci NOT NULL,
  `description` varchar(255) COLLATE utf8mb4_unicode_ci NOT NULL,
  `trashtype_id` bigint(20) UNSIGNED NOT NULL,
  `price` double NOT NULL,
  `unit` varchar(255) COLLATE utf8mb4_unicode_ci DEFAULT NULL,
  `admin_id` bigint(20) UNSIGNED NOT NULL,
  `status` tinyint(1) NOT NULL DEFAULT '0',
  `deleted_at` timestamp NULL DEFAULT NULL,
  `created_at` timestamp NULL DEFAULT NULL,
  `updated_at` timestamp NULL DEFAULT NULL
) ENGINE=InnoDB DEFAULT CHARSET=utf8mb4 COLLATE=utf8mb4_unicode_ci;

--
-- Dumping data for table `trash_prices`
--

INSERT INTO `trash_prices` (`id`, `name`, `description`, `trashtype_id`, `price`, `unit`, `admin_id`, `status`, `deleted_at`, `created_at`, `updated_at`) VALUES
(1, 'plat', 'lempengan alumunium tebal', 1, 9500, 'kg', 1, 1, NULL, NULL, NULL),
(2, 'panci', 'panci bekas', 1, 10000, 'kg', 1, 1, NULL, NULL, NULL),
(3, 'kaleng alumunium', 'kaleng pocari, sprite', 1, 9000, 'kg', 1, 1, NULL, NULL, NULL),
(4, 'wajan alumunium', 'wajan alumunium', 1, 6000, 'kg', 1, 1, NULL, NULL, NULL),
(5, 'besi super / tebal', 'besi yang tebal, rantai, gear', 2, 1700, 'kg', 1, 1, NULL, NULL, NULL),
(6, 'paku', 'paku bekas', 2, 900, 'kg', 1, 1, NULL, NULL, NULL),
(7, 'kaleng', 'kaleng susu, kawat', 2, 500, 'kg', 1, 1, NULL, NULL, NULL),
(8, 'seng', 'seng bekas', 2, 100, 'kg', 1, 1, NULL, NULL, NULL),
(9, 'kardus bagus', 'kardus warna coklat yang masih bagus', 3, 1200, 'kg', 1, 1, NULL, NULL, NULL),
(10, 'kardus jelek', 'kardus berminyak, kardus tebal warna putih', 3, 900, 'kg', 1, 1, NULL, NULL, NULL),
(11, 'koran', 'koran bekas', 3, 1500, 'kg', 1, 1, NULL, NULL, NULL),
(12, 'kertas HVS', 'kertas putih dengan atau tanpa tinta', 3, 1800, 'kg', 1, 1, NULL, NULL, NULL),
(13, 'kertas buram / LKS', 'kertas yang berwarna coklat / abu2', 3, 800, 'kg', 1, 1, NULL, NULL, NULL),
(14, 'sak semen', 'kemasan semen', 3, 1000, 'kg', 1, 1, NULL, NULL, NULL),
(15, 'duplek', 'kertas rokok, kertas jelek, karton warna, brosur', 3, 400, 'kg', 1, 1, NULL, NULL, NULL),
(16, 'botol sirup', 'sisa botol sirup', 4, 100, 'pcs', 1, 1, NULL, NULL, NULL),
(17, 'botol kecap / saos', 'botol bekas kecap', 4, 400, 'pcs', 1, 1, NULL, NULL, NULL),
(18, 'beling', 'pecahan lampu, botol', 4, 50, 'kg', 1, 1, NULL, NULL, NULL),
(19, 'botol kecil putih', 'botol minuman you c1000', 4, 200, 'kg', 1, 1, NULL, NULL, NULL),
(20, 'plastik putih bening', 'plastik bening tanpa sablon / tulisan', 5, 1000, 'kg', 1, 1, NULL, NULL, NULL),
(21, 'plastik kresek', 'plastik bekas wadah barang', 5, 4000, 'kg', 1, 1, NULL, NULL, NULL),
(22, 'plastik sablon tipis', 'plastik bekas kemasan tanpa lapisan foil', 5, 300, 'kg', 1, 1, NULL, NULL, NULL),
(23, 'plastik kemasan foil', 'plastik bekas yang ada lapisan foil', 5, 25, 'kg', 1, 1, NULL, NULL, NULL),
(24, 'plastik sablon tebal / minyak', 'plastik bekas minyak, softener', 5, 200, 'kg', 1, 1, NULL, NULL, NULL),
(25, 'gelas minuman', 'plastik gelas bening putih tanpa sablon', 5, 4000, 'kg', 1, 1, NULL, NULL, NULL),
(26, 'botol putih', 'plastik botol minuman', 5, 3000, 'kg', 1, 1, NULL, NULL, NULL),
(27, 'botol minuman warna', 'botol bekas kemasan minuman berwarna', 5, 1000, 'kg', 1, 1, NULL, NULL, NULL),
(28, 'tutup galon / tutup botol minuman', 'tutup bekas galon / minuman', 5, 3000, 'kg', 1, 1, NULL, NULL, NULL),
(29, 'plastik keras', 'plastik mainan anak, helm', 5, 150, 'kg', 1, 1, NULL, NULL, NULL),
(30, 'tali plastik', 'tali untuk packing', 5, 400, 'kg', 1, 1, NULL, NULL, NULL),
(31, 'keping CD', 'keping CD atau DVD', 6, 2000, 'kg', 1, 1, NULL, NULL, NULL),
(32, 'jelantah', 'bening atau hitam', 6, 2000, 'kg', 1, 1, NULL, NULL, NULL),
(33, 'selang', 'selang untuk pancuran air', 6, 150, 'kg', 1, 1, NULL, NULL, NULL),
(34, 'paralon', 'pipa bekas', 6, 150, 'kg', 1, 1, NULL, NULL, NULL),
(35, 'perunggu', 'keran air, kampas rem (tidak menempel dengan magnet)', 6, 7000, 'kg', 1, 1, NULL, NULL, NULL),
(36, 'gembos', 'sandal dan sepatu', 6, 500, 'kg', 1, 1, NULL, NULL, NULL),
(37, 'kabel', 'kabel listrik', 6, 1000, 'kg', 1, 1, NULL, NULL, NULL),
(38, 'Sandal', 'sampah karet sandal', 6, 200, 'kg', 1, 1, NULL, '2021-11-15 01:49:31', '2021-11-15 01:49:31');

-- --------------------------------------------------------

--
-- Table structure for table `trash_types`
--

CREATE TABLE `trash_types` (
  `id` bigint(20) UNSIGNED NOT NULL,
  `name` varchar(255) COLLATE utf8mb4_unicode_ci NOT NULL,
  `description` varchar(255) COLLATE utf8mb4_unicode_ci NOT NULL,
  `admin_id` bigint(20) UNSIGNED NOT NULL,
  `status` tinyint(1) NOT NULL DEFAULT '0',
  `deleted_at` timestamp NULL DEFAULT NULL,
  `created_at` timestamp NULL DEFAULT NULL,
  `updated_at` timestamp NULL DEFAULT NULL
) ENGINE=InnoDB DEFAULT CHARSET=utf8mb4 COLLATE=utf8mb4_unicode_ci;

--
-- Dumping data for table `trash_types`
--

INSERT INTO `trash_types` (`id`, `name`, `description`, `admin_id`, `status`, `deleted_at`, `created_at`, `updated_at`) VALUES
(1, 'alumunium', 'keterangan sampah alumunium', 1, 1, NULL, NULL, NULL),
(2, 'besi', 'keterangan sampah besi', 1, 1, NULL, NULL, NULL),
(3, 'kertas', 'keterangan sampah kertas', 1, 1, NULL, NULL, NULL),
(4, 'botol', 'keterangan sampah botol', 1, 1, NULL, NULL, NULL),
(5, 'plastik', 'keterangan sampah plastik', 1, 1, NULL, NULL, NULL),
(6, 'lain-lain', 'sampah lain-lain', 1, 1, NULL, NULL, NULL);

-- --------------------------------------------------------

--
-- Table structure for table `users`
--

CREATE TABLE `users` (
  `id` bigint(20) UNSIGNED NOT NULL,
  `name` varchar(255) COLLATE utf8mb4_unicode_ci NOT NULL,
  `email` varchar(255) COLLATE utf8mb4_unicode_ci NOT NULL,
  `email_verified_at` timestamp NULL DEFAULT NULL,
  `password` varchar(255) COLLATE utf8mb4_unicode_ci NOT NULL,
  `status` tinyint(1) NOT NULL DEFAULT '1',
  `deleted_at` timestamp NULL DEFAULT NULL,
  `remember_token` varchar(100) COLLATE utf8mb4_unicode_ci DEFAULT NULL,
  `created_at` timestamp NULL DEFAULT NULL,
  `updated_at` timestamp NULL DEFAULT NULL
) ENGINE=InnoDB DEFAULT CHARSET=utf8mb4 COLLATE=utf8mb4_unicode_ci;

--
-- Indexes for dumped tables
--

--
-- Indexes for table `admins`
--
ALTER TABLE `admins`
  ADD PRIMARY KEY (`id`),
  ADD UNIQUE KEY `admins_email_unique` (`email`);

--
-- Indexes for table `customers`
--
ALTER TABLE `customers`
  ADD PRIMARY KEY (`id`),
  ADD UNIQUE KEY `customers_nik_unique` (`nik`),
  ADD UNIQUE KEY `customers_username_unique` (`username`);

--
-- Indexes for table `detail_transactions`
--
ALTER TABLE `detail_transactions`
  ADD PRIMARY KEY (`id`),
  ADD KEY `detail_transactions_transaction_id_foreign` (`transaction_id`),
  ADD KEY `detail_transactions_trashprice_id_foreign` (`trashprice_id`),
  ADD KEY `detail_transactions_trashtype_id_foreign` (`trashtype_id`);

--
-- Indexes for table `directors`
--
ALTER TABLE `directors`
  ADD PRIMARY KEY (`id`),
  ADD UNIQUE KEY `directors_email_unique` (`email`);

--
-- Indexes for table `earnings`
--
ALTER TABLE `earnings`
  ADD PRIMARY KEY (`id`),
  ADD KEY `earnings_customer_id_foreign` (`customer_id`),
  ADD KEY `earnings_admin_id_foreign` (`admin_id`);

--
-- Indexes for table `failed_jobs`
--
ALTER TABLE `failed_jobs`
  ADD PRIMARY KEY (`id`);

--
-- Indexes for table `migrations`
--
ALTER TABLE `migrations`
  ADD PRIMARY KEY (`id`);

--
-- Indexes for table `password_resets`
--
ALTER TABLE `password_resets`
  ADD KEY `password_resets_email_index` (`email`);

--
-- Indexes for table `transactions`
--
ALTER TABLE `transactions`
  ADD PRIMARY KEY (`id`),
  ADD KEY `transactions_customer_id_foreign` (`customer_id`),
  ADD KEY `transactions_admin_id_foreign` (`admin_id`);

--
-- Indexes for table `trash_prices`
--
ALTER TABLE `trash_prices`
  ADD PRIMARY KEY (`id`),
  ADD KEY `trash_prices_trashtype_id_foreign` (`trashtype_id`),
  ADD KEY `trash_prices_admin_id_foreign` (`admin_id`);

--
-- Indexes for table `trash_types`
--
ALTER TABLE `trash_types`
  ADD PRIMARY KEY (`id`),
  ADD KEY `trash_types_admin_id_foreign` (`admin_id`);

--
-- Indexes for table `users`
--
ALTER TABLE `users`
  ADD PRIMARY KEY (`id`),
  ADD UNIQUE KEY `users_email_unique` (`email`);

--
-- AUTO_INCREMENT for dumped tables
--

--
-- AUTO_INCREMENT for table `admins`
--
ALTER TABLE `admins`
  MODIFY `id` bigint(20) UNSIGNED NOT NULL AUTO_INCREMENT, AUTO_INCREMENT=3;

--
-- AUTO_INCREMENT for table `customers`
--
ALTER TABLE `customers`
  MODIFY `id` bigint(20) UNSIGNED NOT NULL AUTO_INCREMENT, AUTO_INCREMENT=48;

--
-- AUTO_INCREMENT for table `detail_transactions`
--
ALTER TABLE `detail_transactions`
  MODIFY `id` bigint(20) UNSIGNED NOT NULL AUTO_INCREMENT, AUTO_INCREMENT=224;

--
-- AUTO_INCREMENT for table `directors`
--
ALTER TABLE `directors`
  MODIFY `id` bigint(20) UNSIGNED NOT NULL AUTO_INCREMENT, AUTO_INCREMENT=4;

--
-- AUTO_INCREMENT for table `earnings`
--
ALTER TABLE `earnings`
  MODIFY `id` bigint(20) UNSIGNED NOT NULL AUTO_INCREMENT;

--
-- AUTO_INCREMENT for table `failed_jobs`
--
ALTER TABLE `failed_jobs`
  MODIFY `id` bigint(20) UNSIGNED NOT NULL AUTO_INCREMENT;

--
-- AUTO_INCREMENT for table `migrations`
--
ALTER TABLE `migrations`
  MODIFY `id` int(10) UNSIGNED NOT NULL AUTO_INCREMENT, AUTO_INCREMENT=12;

--
-- AUTO_INCREMENT for table `transactions`
--
ALTER TABLE `transactions`
  MODIFY `id` bigint(20) UNSIGNED NOT NULL AUTO_INCREMENT, AUTO_INCREMENT=87;

--
-- AUTO_INCREMENT for table `trash_prices`
--
ALTER TABLE `trash_prices`
  MODIFY `id` bigint(20) UNSIGNED NOT NULL AUTO_INCREMENT, AUTO_INCREMENT=39;

--
-- AUTO_INCREMENT for table `trash_types`
--
ALTER TABLE `trash_types`
  MODIFY `id` bigint(20) UNSIGNED NOT NULL AUTO_INCREMENT, AUTO_INCREMENT=7;

--
-- AUTO_INCREMENT for table `users`
--
ALTER TABLE `users`
  MODIFY `id` bigint(20) UNSIGNED NOT NULL AUTO_INCREMENT;

--
-- Constraints for dumped tables
--

--
-- Constraints for table `detail_transactions`
--
ALTER TABLE `detail_transactions`
  ADD CONSTRAINT `detail_transactions_transaction_id_foreign` FOREIGN KEY (`transaction_id`) REFERENCES `transactions` (`id`) ON DELETE CASCADE ON UPDATE CASCADE,
  ADD CONSTRAINT `detail_transactions_trashprice_id_foreign` FOREIGN KEY (`trashprice_id`) REFERENCES `trash_prices` (`id`) ON DELETE CASCADE ON UPDATE CASCADE,
  ADD CONSTRAINT `detail_transactions_trashtype_id_foreign` FOREIGN KEY (`trashtype_id`) REFERENCES `trash_types` (`id`) ON DELETE CASCADE ON UPDATE CASCADE;

--
-- Constraints for table `earnings`
--
ALTER TABLE `earnings`
  ADD CONSTRAINT `earnings_admin_id_foreign` FOREIGN KEY (`admin_id`) REFERENCES `admins` (`id`) ON DELETE CASCADE ON UPDATE CASCADE,
  ADD CONSTRAINT `earnings_customer_id_foreign` FOREIGN KEY (`customer_id`) REFERENCES `customers` (`id`) ON DELETE CASCADE ON UPDATE CASCADE;

--
-- Constraints for table `transactions`
--
ALTER TABLE `transactions`
  ADD CONSTRAINT `transactions_admin_id_foreign` FOREIGN KEY (`admin_id`) REFERENCES `admins` (`id`) ON DELETE CASCADE ON UPDATE CASCADE,
  ADD CONSTRAINT `transactions_customer_id_foreign` FOREIGN KEY (`customer_id`) REFERENCES `customers` (`id`) ON DELETE CASCADE ON UPDATE CASCADE;

--
-- Constraints for table `trash_prices`
--
ALTER TABLE `trash_prices`
  ADD CONSTRAINT `trash_prices_admin_id_foreign` FOREIGN KEY (`admin_id`) REFERENCES `admins` (`id`),
  ADD CONSTRAINT `trash_prices_trashtype_id_foreign` FOREIGN KEY (`trashtype_id`) REFERENCES `trash_types` (`id`) ON DELETE CASCADE ON UPDATE CASCADE;

--
-- Constraints for table `trash_types`
--
ALTER TABLE `trash_types`
  ADD CONSTRAINT `trash_types_admin_id_foreign` FOREIGN KEY (`admin_id`) REFERENCES `admins` (`id`) ON DELETE CASCADE ON UPDATE CASCADE;
COMMIT;

/*!40101 SET CHARACTER_SET_CLIENT=@OLD_CHARACTER_SET_CLIENT */;
/*!40101 SET CHARACTER_SET_RESULTS=@OLD_CHARACTER_SET_RESULTS */;
/*!40101 SET COLLATION_CONNECTION=@OLD_COLLATION_CONNECTION */;
